,FIPS,State,County Name,NonHSWhite,NonHSBlack,NonHSAsian,HS
2,2020,AK,Anchorage Municipality,0.5827338129496402,0.0,1.5473684210526315,0.0
5,1003,AL,Baldwin County,1.0372596153846154,1.2790697674418605,0.0,0.0
8,1015,AL,Calhoun County,1.100558659217877,0.9476190476190477,0.0,0.0
11,1033,AL,Colbert County,1.0154440154440154,1.0375,0.0,0.0
14,1039,AL,Covington County,0.9939831528279182,1.3306451612903227,0.0,0.0
17,1043,AL,Cullman County,1.0611353711790392,0.0,0.0,0.0
20,1047,AL,Dallas County,1.1259259259259258,0.97724039829303,0.0,0.0
23,1049,AL,DeKalb County,1.208020050125313,0.0,0.0,0.0
26,1055,AL,Etowah County,1.0917312661498708,0.9483870967741935,0.0,0.0
29,1069,AL,Houston County,1.0515151515151513,1.0258302583025831,0.0,0.6176470588235294
32,1073,AL,Jefferson County,1.2303030303030302,0.839907192575406,0.38888888888888895,0.4390243902439024
35,1077,AL,Lauderdale County,1.0059171597633136,1.3737373737373737,0.0,0.0
38,1081,AL,Lee County,0.8565088757396448,1.7345132743362832,0.0,0.0
41,1083,AL,Limestone County,1.1345646437994723,0.9185185185185184,0.0,0.0
44,1089,AL,Madison County,1.1956521739130435,0.7786885245901639,0.0,0.6153846153846154
47,1095,AL,Marshall County,1.1317440401505645,0.0,0.0,0.5646258503401361
50,1097,AL,Mobile County,0.9734513274336285,1.1671309192200556,0.0,0.33333333333333337
53,1101,AL,Montgomery County,1.2385321100917432,0.9744897959183674,0.0,0.35135135135135137
56,1103,AL,Morgan County,1.0413333333333334,1.4015748031496063,0.0,0.4597701149425288
59,1115,AL,St. Clair County,1.094847775175644,0.0,0.0,0.0
62,1117,AL,Shelby County,1.0375647668393784,1.3053435114503817,0.0,0.0
65,1121,AL,Talladega County,1.0658105939004816,0.9785932721712538,0.0,0.0
68,1123,AL,Tallapoosa County,1.0320232896652108,1.093984962406015,0.0,0.0
71,1125,AL,Tuscaloosa County,0.9309210526315789,1.27639751552795,0.0,0.5
74,1127,AL,Walker County,1.064189189189189,0.0,0.0,0.0
77,5005,AR,Baxter County,1.0541401273885351,0.0,0.0,0.0
80,5007,AR,Benton County,1.0970873786407769,0.0,0.0,0.7176470588235293
83,5031,AR,Craighead County,1.0949197860962567,0.9757575757575757,0.0,0.0
86,5045,AR,Faulkner County,1.1076345431789736,0.7333333333333333,0.0,0.0
89,5051,AR,Garland County,1.0330882352941178,1.4705882352941175,0.0,0.0
92,5063,AR,Independence County,1.0647727272727274,0.0,0.0,0.0
95,5069,AR,Jefferson County,1.1675392670157068,0.8771929824561404,0.0,0.0
98,5119,AR,Pulaski County,1.2364341085271318,0.8293333333333334,0.4545454545454546,0.6290322580645161
101,5125,AR,Saline County,1.0563549160671464,1.170731707317073,0.0,0.0
104,5131,AR,Sebastian County,1.2142857142857142,0.373134328358209,0.0,0.40816326530612246
107,5139,AR,Union County,1.018151815181518,1.0856269113149846,0.0,0.0
110,5143,AR,Washington County,1.1559766763848396,0.0,0.0,0.5449101796407185
113,5145,AR,White County,1.0273660205245154,2.088888888888889,0.0,0.0
116,4001,AZ,Apache County,0.0,0.0,0.0,0.0
119,4003,AZ,Cochise County,1.0787545787545787,0.0,0.0,0.8707865168539326
122,4005,AZ,Coconino County,0.21481481481481482,0.0,0.0,0.7062937062937064
125,4007,AZ,Gila County,0.8344155844155845,0.0,0.0,0.0
128,4013,AZ,Maricopa County,0.9613970588235293,0.75,0.627906976744186,0.939297124600639
131,4015,AZ,Mohave County,1.0339425587467364,0.0,0.0,0.7514792899408284
134,4017,AZ,Navajo County,0.8317307692307692,0.0,0.0,0.7043478260869566
137,4019,AZ,Pima County,0.974559686888454,0.7058823529411764,0.4666666666666667,1.063660477453581
140,4021,AZ,Pinal County,0.9910554561717352,0.6382978723404255,0.0,1.0098039215686274
143,4025,AZ,Yavapai County,1.0174781523096128,0.0,0.0,0.5510204081632654
146,4027,AZ,Yuma County,0.9335548172757476,0.0,0.0,1.034108527131783
149,6001,CA,Alameda County,0.9276315789473684,1.772277227722772,0.7388535031847134,1.2307692307692308
152,6007,CA,Butte County,1.055084745762712,0.0,1.0,0.8662790697674418
155,6013,CA,Contra Costa County,1.1623529411764706,1.4252873563218391,0.7102272727272728,0.9034749034749034
158,6017,CA,El Dorado County,1.1089494163424125,0.0,0.0,0.0
161,6019,CA,Fresno County,1.2342657342657344,0.9782608695652174,0.9708737864077671,0.9106145251396647
164,6025,CA,Imperial County,0.7499999999999999,0.0,0.0,1.0705882352941176
167,6029,CA,Kern County,0.9329268292682926,1.0,1.0212765957446808,1.056880733944954
170,6031,CA,Kings County,0.6741214057507987,0.0,0.8157894736842105,1.3012704174228673
173,6037,CA,Los Angeles County,0.8461538461538461,1.0379746835443038,0.9391891891891894,1.129896907216495
176,6039,CA,Madera County,0.661631419939577,0.0,0.0,1.212947189097104
179,6041,CA,Marin County,0.9845070422535211,0.0,1.0625,1.0122699386503067
182,6047,CA,Merced County,1.3030303030303028,1.3448275862068966,1.0985915492957747,0.852216748768473
185,6053,CA,Monterey County,1.0,1.5599999999999998,1.5087719298245612,0.9627749576988155
188,6059,CA,Orange County,0.818639798488665,0.9411764705882353,1.0235849056603774,1.2654867256637168
191,6061,CA,Placer County,1.015406162464986,2.705882352941176,0.8227848101265823,0.9652777777777779
194,6065,CA,Riverside County,1.0499999999999998,0.935483870967742,0.8153846153846154,1.0260521042084167
197,6067,CA,Sacramento County,1.138568129330254,1.041237113402062,0.9751552795031055,0.8717948717948717
200,6071,CA,San Bernardino County,1.0073529411764706,1.0246913580246915,0.8356164383561644,1.0331491712707184
203,6073,CA,San Diego County,0.7901785714285714,0.8723404255319149,0.8739495798319328,1.3970588235294117
206,6075,CA,San Francisco County,0.7049999999999998,1.4199999999999997,1.028328611898017,1.6973684210526316
209,6077,CA,San Joaquin County,1.2805280528052807,1.1971830985915495,0.9113924050632911,0.8492822966507177
212,6079,CA,San Luis Obispo County,1.0877192982456139,0.0,1.527777777777778,0.6593886462882096
215,6081,CA,San Mateo County,0.9921465968586387,1.7272727272727273,1.0204081632653061,1.0548523206751055
218,6083,CA,Santa Barbara County,0.9839816933638443,1.0555555555555556,0.888888888888889,1.0543478260869565
221,6085,CA,Santa Clara County,1.140983606557377,1.3333333333333333,0.6963350785340314,1.3413654618473896
224,6087,CA,Santa Cruz County,0.9770723104056439,0.0,1.1702127659574468,1.1058823529411763
227,6089,CA,Shasta County,1.0658227848101265,0.0,0.0,0.6761904761904761
230,6095,CA,Solano County,1.151761517615176,1.1985294117647058,1.1250000000000002,0.7296296296296296
233,6097,CA,Sonoma County,0.9840510366826156,0.0,1.0232558139534884,1.040441176470588
236,6099,CA,Stanislaus County,1.1795511221945136,1.1481481481481481,1.037037037037037,0.8773784355179705
239,6107,CA,Tulare County,1.2427536231884058,0.0,1.2121212121212122,0.9038167938931297
242,6111,CA,Ventura County,0.9417040358744394,0.6111111111111112,1.0,1.1111111111111112
245,6113,CA,Yolo County,1.0283842794759825,0.0,0.5517241379310346,1.3553459119496856
248,6115,CA,Yuba County,0.9162011173184357,0.0,2.5303030303030303,0.9310344827586208
251,8001,CO,Adams County,0.9183673469387755,2.090909090909091,0.9761904761904762,1.0098039215686274
254,8005,CO,Arapahoe County,1.1317567567567568,0.7169811320754716,0.9523809523809523,0.8578680203045685
257,8013,CO,Boulder County,0.937984496124031,0.0,0.9183673469387754,1.45
260,8031,CO,Denver County,0.8394160583941606,1.4494382022471912,1.1538461538461537,1.154109589041096
263,8035,CO,Douglas County,1.0086100861008611,0.0,0.8679245283018868,1.1978021978021978
266,8041,CO,El Paso County,1.0248538011695905,0.8166666666666668,0.8620689655172414,1.112994350282486
269,8059,CO,Jefferson County,0.9305019305019304,1.4999999999999998,1.0333333333333334,1.3653846153846154
272,8069,CO,Larimer County,0.879415347137637,0.0,0.0,1.9327731092436977
275,8077,CO,Mesa County,0.9604938271604938,0.0,0.0,1.0675675675675675
278,8101,CO,Pueblo County,1.0638297872340425,0.0,0.0,0.9257540603248261
281,8123,CO,Weld County,0.9552469135802468,0.0,0.0,1.1366666666666667
284,9001,CT,Fairfield County,1.160919540229885,1.2252252252252254,0.368421052631579,0.6390243902439025
287,9003,CT,Hartford County,1.1986644407345577,1.1044776119402984,0.22033898305084745,0.6170212765957447
290,9005,CT,Litchfield County,1.0480549199084668,0.0,0.0,0.619718309859155
293,9007,CT,Middlesex County,1.0540216086434575,1.163265306122449,0.0,0.6212121212121212
296,9009,CT,New Haven County,1.1785714285714286,1.169230769230769,0.26190476190476186,0.5445026178010471
299,9011,CT,New London County,1.1358189081225034,0.736842105263158,0.0,0.6936936936936937
302,9015,CT,Windham County,1.1390243902439026,0.0,0.0,0.0
305,11001,DC,District of Columbia,0.34224598930481287,1.5945945945945945,0.4651162790697675,1.2389380530973453
308,10001,DE,Kent County,1.1125827814569538,1.076923076923077,0.0,0.40540540540540543
311,10003,DE,New Castle County,1.2770870337477798,0.8764940239043825,0.19298245614035087,0.4711538461538462
314,10005,DE,Sussex County,1.0265604249667994,1.4615384615384617,0.0,0.4516129032258065
317,12001,FL,Alachua County,1.1023102310231023,1.4299999999999997,0.0,0.34285714285714286
320,12005,FL,Bay County,1.0379084967320262,1.1574074074074074,0.0,0.7611940298507461
323,12009,FL,Brevard County,1.024390243902439,1.4999999999999998,0.64,0.6788990825688073
326,12011,FL,Broward County,0.9655172413793105,1.1725352112676057,0.6216216216216216,0.9710610932475884
329,12015,FL,Charlotte County,1.0501193317422435,0.9444444444444444,0.0,0.7272727272727273
332,12017,FL,Citrus County,1.032,0.9655172413793103,0.0,0.9016393442622951
335,12019,FL,Clay County,0.9567039106145252,1.5689655172413792,1.6666666666666667,0.6634615384615385
338,12021,FL,Collier County,1.1430868167202572,0.9242424242424242,0.0,0.7622377622377623
341,12023,FL,Columbia County,1.14066852367688,0.6978021978021979,0.0,0.0
344,12031,FL,Duval County,1.2153846153846153,0.945945945945946,0.6530612244897959,0.46666666666666673
347,12033,FL,Escambia County,1.082942097026604,1.1938325991189427,0.4375,0.2711864406779661
350,12035,FL,Flagler County,1.0161290322580645,1.4950495049504948,0.0,0.0
353,12053,FL,Hernando County,1.1164921465968587,1.076923076923077,0.0,0.5067567567567568
356,12055,FL,Highlands County,1.0937972768532525,1.1145833333333333,0.0,0.7535545023696683
359,12057,FL,Hillsborough County,1.1386554621848741,1.01875,0.372093023255814,0.925925925925926
362,12061,FL,Indian River County,0.984,1.6373626373626373,0.0,0.7086614173228346
365,12069,FL,Lake County,1.0845481049562682,1.0192307692307692,0.0,0.7245508982035928
368,12071,FL,Lee County,1.1148036253776434,1.0987654320987654,0.0,0.7377777777777778
371,12073,FL,Leon County,1.066189624329159,1.1719745222929936,0.0,0.417910447761194
374,12081,FL,Manatee County,1.04957507082153,1.352941176470588,0.0,0.7692307692307692
377,12083,FL,Marion County,1.0919540229885059,0.992,0.0,0.7446808510638299
380,12085,FL,Martin County,1.0579150579150578,1.5384615384615385,0.0,0.5845070422535212
383,12086,FL,Miami-Dade County,0.7674418604651163,0.9803921568627451,0.4666666666666667,1.0662824207492796
386,12091,FL,Okaloosa County,1.094650205761317,0.9278350515463917,1.3333333333333335,0.6701030927835051
389,12095,FL,Orange County,1.0814249363867683,1.0297029702970295,0.5818181818181818,1.0061349693251533
392,12097,FL,Osceola County,0.9269102990033223,1.0721649484536082,0.888888888888889,1.0627240143369174
395,12099,FL,Palm Beach County,1.1289719626168224,1.0374331550802138,0.3214285714285714,0.8111587982832618
398,12101,FL,Pasco County,1.126547455295736,0.6724137931034483,0.5555555555555556,0.7272727272727272
401,12103,FL,Pinellas County,1.0883152173913044,1.0,0.7428571428571428,0.6176470588235294
404,12105,FL,Polk County,1.1792618629173992,1.1232876712328768,0.4444444444444445,0.6219512195121951
407,12111,FL,St. Lucie County,1.053763440860215,1.074257425742574,1.1578947368421053,0.8442211055276382
410,12113,FL,Santa Rosa County,1.0964590964590966,0.0,0.0,0.0
413,12115,FL,Sarasota County,1.0580411124546554,0.9534883720930234,0.0,0.7395833333333333
416,12117,FL,Seminole County,1.086734693877551,1.4086956521739131,0.7291666666666667,0.7232142857142857
419,12119,FL,Sumter County,1.0129411764705882,0.6666666666666666,0.0,1.2033898305084745
422,12127,FL,Volusia County,1.0694050991501418,1.153846153846154,0.0,0.7266666666666667
425,13009,GA,Baldwin County,1.0783938814531546,0.9738095238095238,0.0,0.0
428,13015,GA,Bartow County,1.130039011703511,0.8703703703703703,0.0,0.0
431,13021,GA,Bibb County,1.3074866310160427,0.8858695652173912,0.0,0.4285714285714285
434,13031,GA,Bulloch County,0.8291139240506329,1.5807560137457046,0.0,0.0
437,13045,GA,Carroll County,1.147727272727273,0.806282722513089,0.0,0.4861111111111112
440,13051,GA,Chatham County,1.209205020920502,0.9353233830845771,0.0,0.4477611940298507
443,13057,GA,Cherokee County,1.160668380462725,0.0,0.0,0.5727272727272728
446,13059,GA,Clarke County,1.1941923774954628,1.0541516245487363,0.0,0.36363636363636365
449,13063,GA,Clayton County,2.4945054945054945,0.8948863636363636,1.5714285714285714,0.4925373134328358
452,13067,GA,Cobb County,1.1859099804305284,0.9057971014492753,0.4909090909090909,0.8571428571428571
455,13069,GA,Coffee County,1.1465968586387436,1.0318021201413428,0.0,0.0
458,13071,GA,Colquitt County,1.0342960288808662,1.2943722943722942,0.0,0.6530612244897959
461,13077,GA,Coweta County,0.8921985815602838,1.7430167597765365,0.0,0.7397260273972603
464,13089,GA,DeKalb County,1.10580204778157,1.091417910447761,0.640625,0.4823529411764706
467,13095,GA,Dougherty County,1.3677685950413225,0.9203413940256047,0.0,0.0
470,13097,GA,Douglas County,1.3048128342245988,0.8835758835758836,0.0,0.0
473,13113,GA,Fayette County,0.7553719008264463,2.008130081300813,0.0,0.0
476,13115,GA,Floyd County,1.2127659574468086,0.6736111111111112,0.0,0.3275862068965517
479,13117,GA,Forsyth County,1.127536231884058,1.45,0.4025974025974026,1.0515463917525771
482,13121,GA,Fulton County,0.8484848484848485,1.2850574712643679,0.34210526315789475,1.0416666666666667
485,13127,GA,Glynn County,1.0299212598425198,1.1158301158301158,0.0,0.0
488,13129,GA,Gordon County,1.1827676240208878,0.0,0.0,0.0
491,13135,GA,Gwinnett County,1.1779661016949152,0.8357142857142856,0.9516129032258064,1.0368663594470047
494,13139,GA,Hall County,1.2995008319467556,1.2465753424657535,1.0999999999999999,0.35738831615120276
497,13151,GA,Henry County,1.055,1.0127659574468084,0.0,1.027777777777778
500,13153,GA,Houston County,1.04735883424408,1.1609907120743033,0.0,0.0
503,13175,GA,Laurens County,1.137630662020906,0.9059139784946237,0.0,0.0
506,13185,GA,Lowndes County,1.1172022684310017,1.0,0.0,0.0
509,13215,GA,Muscogee County,1.2424242424242424,1.0064516129032257,0.5357142857142857,0.27272727272727276
512,13217,GA,Newton County,1.4168564920273348,0.7376344086021506,0.0,0.0
515,13223,GA,Paulding County,1.2105263157894735,0.6285714285714287,0.0,0.0
518,13245,GA,Richmond County,1.489614243323442,0.808849557522124,1.0,0.43137254901960786
521,13247,GA,Rockdale County,1.397923875432526,0.9663120567375888,0.0,0.0
524,13255,GA,Spalding County,1.1234782608695653,0.9072463768115943,0.0,0.0
527,13275,GA,Thomas County,0.9878260869565217,1.1201117318435756,0.0,0.0
530,13277,GA,Tift County,1.0762250453720508,1.1204013377926423,0.0,0.5901639344262295
533,13279,GA,Toombs County,1.2628951747088186,0.7937743190661478,0.0,0.0
536,13285,GA,Troup County,1.1057347670250894,1.0248618784530388,0.0,0.0
539,13293,GA,Upson County,0.9329359165424739,1.314285714285714,0.0,0.0
542,13297,GA,Walton County,1.1080711354309167,0.9456521739130435,0.0,0.0
545,13299,GA,Ware County,1.1430842607313194,0.9090909090909092,0.0,0.0
548,13313,GA,Whitfield County,1.3257443082311735,1.277777777777778,0.0,0.5179063360881543
551,15003,HI,Honolulu County,0.33536585365853655,0.0,1.34375,0.6847826086956522
554,19013,IA,Black Hawk County,1.067247820672478,0.8085106382978723,0.0,0.891304347826087
557,19033,IA,Cerro Gordo County,1.066815144766147,0.0,0.0,0.0
560,19061,IA,Dubuque County,1.0634743875278396,0.0,0.0,0.0
563,19103,IA,Johnson County,1.086007702182285,0.6849315068493151,0.0,1.5172413793103448
566,19113,IA,Linn County,1.0987074030552293,0.5932203389830509,0.0,0.0
569,19153,IA,Polk County,1.1274382314694409,0.7285714285714284,0.5510204081632653,0.5632183908045978
572,19155,IA,Pottawattamie County,1.0962199312714775,0.0,0.0,0.0
575,19163,IA,Scott County,1.069182389937107,1.1973684210526316,0.0,0.6428571428571428
578,19187,IA,Webster County,1.0485549132947978,0.0,0.0,0.0
581,19193,IA,Woodbury County,1.0861581920903955,0.627906976744186,1.5,0.4161849710982659
584,16001,ID,Ada County,1.0297265160523188,0.0,0.8148148148148148,1.1176470588235294
587,16005,ID,Bannock County,0.874849578820698,0.0,0.0,1.146067415730337
590,16019,ID,Bonneville County,1.0412621359223302,0.0,0.0,0.835820895522388
593,16027,ID,Canyon County,1.0802292263610316,0.0,0.0,0.87109375
596,16055,ID,Kootenai County,1.0509977827050998,0.0,0.0,0.0
599,16083,ID,Twin Falls County,1.0769230769230769,0.0,0.0,0.788235294117647
602,17001,IL,Adams County,1.0470459518599562,0.0,0.0,0.0
605,17019,IL,Champaign County,1.2,0.9328358208955223,0.0,0.9365079365079364
608,17029,IL,Coles County,1.0628445424476294,0.0,0.0,0.0
611,17031,IL,Cook County,0.9380952380952382,1.2434782608695651,0.7402597402597403,0.98828125
614,17037,IL,DeKalb County,1.0316622691292876,0.0,0.0,1.3189655172413792
617,17043,IL,DuPage County,1.0666666666666667,1.6199999999999999,0.6031746031746031,0.9178082191780823
620,17077,IL,Jackson County,1.162162162162162,0.7837837837837839,0.0,0.0
623,17081,IL,Jefferson County,1.0832356389214537,0.0,0.0,0.0
626,17089,IL,Kane County,1.051236749116608,1.0943396226415094,0.9047619047619047,0.9382716049382716
629,17091,IL,Kankakee County,1.0307262569832403,1.2191780821917808,0.0,0.6944444444444444
632,17095,IL,Knox County,1.1262135922330099,0.0,0.0,0.0
635,17097,IL,Lake County,1.0727272727272728,1.2941176470588234,0.4457831325301204,1.0
638,17099,IL,La Salle County,1.1570247933884297,0.0,0.0,0.0
641,17111,IL,McHenry County,1.1260923845193507,0.0,0.0,0.4676258992805755
644,17113,IL,McLean County,1.0883838383838382,1.382716049382716,0.0,0.0
647,17115,IL,Macon County,1.1424802110817942,0.7657142857142858,0.0,0.0
650,17119,IL,Madison County,1.0721040189125297,0.9080459770114944,0.0,0.0
653,17143,IL,Peoria County,1.215007215007215,0.6195652173913044,0.0,0.6666666666666667
656,17161,IL,Rock Island County,1.152327221438646,0.9047619047619048,0.0,0.6439393939393939
659,17163,IL,St. Clair County,1.15359477124183,0.870860927152318,0.0,0.4651162790697675
662,17167,IL,Sangamon County,1.1375,0.5625,0.0,0.0
665,17179,IL,Tazewell County,1.0266808964781216,0.0,0.0,0.0
668,17195,IL,Whiteside County,1.030952380952381,0.0,0.0,0.9186991869918699
671,17197,IL,Will County,1.0865384615384617,1.2051282051282048,0.4576271186440678,0.8176795580110497
674,17199,IL,Williamson County,1.0717488789237668,0.0,0.0,0.0
677,17201,IL,Winnebago County,1.1270310192023634,0.9172932330827067,0.0,0.711111111111111
680,18003,IN,Allen County,1.1465753424657534,0.817391304347826,0.5777777777777777,0.5454545454545455
683,18005,IN,Bartholomew County,1.1875776397515527,0.0,0.0,0.0
686,18019,IN,Clark County,1.066747572815534,1.2098765432098766,0.0,0.0
689,18035,IN,Delaware County,1.0936416184971098,0.6714285714285714,0.0,0.0
692,18037,IN,Dubois County,1.0571748878923766,0.0,0.0,0.0
695,18039,IN,Elkhart County,1.1700404858299596,0.9642857142857143,0.0,0.369047619047619
698,18043,IN,Floyd County,1.0411428571428571,1.1296296296296295,0.0,0.0
701,18053,IN,Grant County,1.1310507674144037,0.0,0.0,0.0
704,18057,IN,Hamilton County,1.0543478260869565,1.6818181818181819,0.390625,0.6511627906976745
707,18059,IN,Hancock County,1.0818777292576418,0.0,0.0,0.0
710,18063,IN,Hendricks County,1.0989143546441498,0.8947368421052633,0.0,0.0
713,18067,IN,Howard County,1.132387706855792,0.0,0.0,0.0
716,18081,IN,Johnson County,1.0796359499431172,0.0,0.0,0.0
719,18083,IN,Knox County,1.0682556879739977,0.0,0.0,0.0
722,18089,IN,Lake County,1.0371747211895912,1.2832618025751072,0.0,0.6989795918367347
725,18091,IN,LaPorte County,1.0672588832487309,1.070796460176991,0.0,0.0
728,18095,IN,Madison County,1.0732860520094563,0.7261904761904762,0.0,0.0
731,18097,IN,Marion County,1.2476894639556377,0.8415492957746479,0.4210526315789474,0.5963302752293578
734,18105,IN,Monroe County,1.1761158021712907,0.0,0.0,0.0
737,18127,IN,Porter County,1.0959902794653706,0.0,0.0,0.4326923076923077
740,18141,IN,St. Joseph County,1.1225626740947077,1.037593984962406,0.0,0.45054945054945056
743,18157,IN,Tippecanoe County,1.2583668005354751,0.0,0.0,0.41379310344827586
746,18163,IN,Vanderburgh County,1.1025331724969845,0.6701030927835051,0.0,0.0
749,18167,IN,Vigo County,1.0940070505287898,0.767123287671233,0.0,0.0
752,18173,IN,Warrick County,1.002176278563656,2.8235294117647056,0.0,0.0
755,18177,IN,Wayne County,1.1014823261117446,0.0,0.0,0.0
758,20051,KS,Ellis County,1.005611672278339,0.0,0.0,1.2542372881355932
761,20091,KS,Johnson County,1.0441361916771752,1.297872340425532,0.3584905660377358,0.9113924050632911
764,20155,KS,Reno County,1.030989272943981,0.0,0.0,0.7319587628865979
767,20169,KS,Saline County,1.0879396984924623,0.0,0.0,0.6694915254237288
770,20173,KS,Sedgwick County,1.1392592592592592,0.7586206896551725,0.6888888888888889,0.6466666666666667
773,20177,KS,Shawnee County,1.0953678474114443,0.9090909090909092,0.0,0.6328125
776,20209,KS,Wyandotte County,1.4601990049751241,1.0372093023255815,0.4038461538461539,0.4463087248322148
779,21009,KY,Barren County,1.0433815350389322,0.0,0.0,0.0
782,21019,KY,Boyd County,1.0612903225806452,0.0,0.0,0.0
785,21021,KY,Boyle County,1.063380281690141,1.1124999999999998,0.0,0.0
788,21037,KY,Campbell County,1.0010845986984815,1.5517241379310343,0.0,0.0
791,21059,KY,Daviess County,1.0788571428571427,0.8571428571428572,0.0,0.0
794,21067,KY,Fayette County,1.1994342291371995,0.6866666666666666,0.0,0.5
797,21093,KY,Hardin County,1.1746031746031746,0.6694214876033058,0.0,0.0
800,21107,KY,Hopkins County,0.9625850340136054,2.121212121212121,0.0,0.0
803,21111,KY,Jefferson County,1.1639097744360902,0.8493150684931506,0.3,0.49152542372881364
806,21117,KY,Kenton County,1.062358276643991,0.0,0.0,0.0
809,21145,KY,McCracken County,1.0734939759036146,0.9814814814814815,0.0,0.0
812,21193,KY,Perry County,1.0084299262381453,0.0,0.0,0.0
815,21195,KY,Pike County,1.0196280991735538,0.0,0.0,0.0
818,21199,KY,Pulaski County,1.0191285866099893,0.0,0.0,0.0
821,21227,KY,Warren County,1.1953428201811125,0.5368421052631579,0.0,0.0
824,21235,KY,Whitley County,1.026123301985371,0.0,0.0,0.0
827,22015,LA,Bossier Parish,1.0364188163884673,1.2687224669603523,0.0,0.0
830,22017,LA,Caddo Parish,1.1151241534988714,0.9798387096774194,0.0,0.31034482758620685
833,22019,LA,Calcasieu Parish,1.051051051051051,1.0235294117647058,0.0,0.7073170731707317
836,22033,LA,East Baton Rouge Parish,1.1272727272727272,1.0042826552462525,0.30303030303030304,0.5227272727272727
839,22051,LA,Jefferson Parish,0.8805394990366089,1.611111111111111,0.45238095238095233,0.563758389261745
842,22055,LA,Lafayette Parish,0.9539877300613496,1.2981132075471697,0.0,0.6086956521739131
845,22057,LA,Lafourche Parish,0.9192708333333333,1.9022556390977443,0.0,0.0
848,22071,LA,Orleans Parish,0.9158576051779934,1.1254237288135593,0.0,0.7999999999999999
851,22073,LA,Ouachita Parish,1.0865051903114187,0.9545454545454545,0.0,0.0
854,22079,LA,Rapides Parish,1.0081967213114753,1.0914826498422712,0.0,0.625
857,22097,LA,St. Landry Parish,1.1412844036697247,0.9174757281553398,0.0,0.0
860,22103,LA,St. Tammany Parish,0.982051282051282,1.544,0.0,0.4576271186440678
863,22105,LA,Tangipahoa Parish,1.1299524564183834,0.877076411960133,0.0,0.0
866,22109,LA,Terrebonne Parish,1.0375939849624058,1.1904761904761905,0.0,0.0
869,25001,MA,Barnstable County,1.0167597765363128,0.0,0.0,0.0
872,25003,MA,Berkshire County,1.071917808219178,0.0,0.0,0.0
875,25005,MA,Bristol County,1.06479217603912,0.7000000000000001,0.3333333333333333,0.5116279069767442
878,25009,MA,Essex County,1.1956521739130435,0.7999999999999999,0.3783783783783784,0.5765765765765766
881,25013,MA,Hampden County,1.201954397394137,1.090909090909091,0.5,0.596958174904943
884,25015,MA,Hampshire County,1.1128451380552222,0.0,0.0,0.0
887,25017,MA,Middlesex County,1.1938202247191012,0.9245283018867925,0.36153846153846153,0.5542168674698795
890,25021,MA,Norfolk County,1.1383989145183175,1.0,0.5126050420168068,0.43999999999999995
893,25023,MA,Plymouth County,1.0110974106041923,1.272727272727273,0.0,0.5952380952380952
896,25025,MA,Suffolk County,1.2234513274336283,1.0547263681592038,0.7692307692307693,0.6652360515021459
899,25027,MA,Worcester County,1.1043593130779392,0.6666666666666666,0.49056603773584906,0.6229508196721312
902,24001,MD,Allegany County,1.0831408775981524,0.7160493827160493,0.0,0.0
905,24003,MD,Anne Arundel County,0.9504504504504504,1.68,0.41463414634146345,0.5952380952380952
908,24005,MD,Baltimore County,1.0215053763440858,1.2610169491525425,0.40322580645161293,0.5
911,24013,MD,Carroll County,1.0396375990939977,1.5405405405405406,0.0,0.0
914,24015,MD,Cecil County,1.0969267139479906,0.0,0.0,0.0
917,24017,MD,Charles County,1.0940860215053763,1.0102249488752557,0.0,0.0
920,24021,MD,Frederick County,1.1269177126917713,1.1616161616161615,0.0,0.6761904761904761
923,24025,MD,Harford County,1.0426666666666666,1.2307692307692308,0.0,0.0
926,24027,MD,Howard County,1.043824701195219,1.2244897959183672,0.6510416666666666,1.3835616438356166
929,24031,MD,Montgomery County,0.979020979020979,1.3957219251336899,0.6209150326797386,1.079601990049751
932,24033,MD,Prince George's County,1.2601626016260163,1.1134521880064832,0.6666666666666666,0.6564102564102564
935,24037,MD,St. Mary's County,0.9087193460490464,1.972222222222222,0.0,0.0
938,24043,MD,Washington County,1.1382428940568474,0.6722689075630253,0.0,0.0
941,24045,MD,Wicomico County,0.9774193548387097,1.2734082397003745,0.0,0.0
944,24047,MD,Worcester County,1.0625,0.952755905511811,0.0,0.0
947,24510,MD,Baltimore city,1.0866425992779782,0.9902912621359223,0.8518518518518519,1.0701754385964912
950,23001,ME,Androscoggin County,1.0376940133037695,0.0,0.0,0.0
953,23005,ME,Cumberland County,1.0455049944506103,0.0,0.0,0.0
956,23019,ME,Penobscot County,0.9935760171306209,0.0,0.0,0.0
959,23031,ME,York County,1.0489882854100108,0.0,0.0,0.0
962,26017,MI,Bay County,1.0389755011135857,0.0,0.0,0.5818181818181818
965,26021,MI,Berrien County,1.0240963855421688,1.2689655172413794,0.0,0.0
968,26025,MI,Calhoun County,1.038910505836576,1.3703703703703702,0.0,0.0
971,26049,MI,Genesee County,0.9433701657458564,1.3900000000000001,0.0,0.638888888888889
974,26055,MI,Grand Traverse County,1.011879049676026,0.0,0.0,0.0
977,26057,MI,Gratiot County,1.1052631578947367,0.0,0.0,0.0
980,26065,MI,Ingham County,1.0593342981186686,1.47008547008547,0.0,0.9625
983,26075,MI,Jackson County,0.9621301775147929,2.1772151898734173,0.0,0.0
986,26077,MI,Kalamazoo County,1.0740259740259739,0.9210526315789473,0.0,0.9230769230769231
989,26081,MI,Kent County,1.0518417462482947,1.0721649484536082,0.0,0.9907407407407407
992,26087,MI,Lapeer County,0.9574700109051254,0.0,0.0,1.553191489361702
995,26091,MI,Lenawee County,0.9953757225433526,0.0,0.0,1.4634146341463414
998,26099,MI,Macomb County,1.0064102564102564,1.3467741935483872,0.45238095238095233,0.3214285714285714
1001,26103,MI,Marquette County,1.0032644178454841,0.0,0.0,0.0
1004,26111,MI,Midland County,1.0636663007683864,0.0,0.0,0.0
1007,26115,MI,Monroe County,0.9736263736263736,0.0,0.0,0.0
1010,26121,MI,Muskegon County,1.0261780104712042,0.9124087591240875,0.0,1.2413793103448274
1013,26125,MI,Oakland County,0.9482517482517484,1.9781021897810218,0.25925925925925924,0.4883720930232559
1016,26139,MI,Ottawa County,1.0179856115107915,0.0,0.0,1.0490196078431373
1019,26145,MI,Saginaw County,1.0940665701881331,0.8369565217391305,0.0,0.8850574712643678
1022,26147,MI,St. Clair County,1.012087912087912,1.9166666666666665,0.0,0.0
1025,26161,MI,Washtenaw County,0.9957203994293866,1.9916666666666667,0.1935483870967742,0.7959183673469388
1028,26163,MI,Wayne County,0.9129554655870445,1.2591623036649213,0.2857142857142857,0.6229508196721312
1031,27003,MN,Anoka County,1.1355081555834379,0.4444444444444445,0.5714285714285714,0.40816326530612246
1034,27037,MN,Dakota County,1.1556420233463034,0.4861111111111112,0.0,0.5131578947368421
1037,27053,MN,Hennepin County,1.1374269005847952,0.8296296296296296,0.6133333333333334,0.5857142857142856
1040,27109,MN,Olmsted County,1.0683544303797468,0.9552238805970149,0.7076923076923076,0.8846153846153847
1043,27123,MN,Ramsey County,1.2013093289689034,0.6370967741935484,0.7960526315789473,0.7066666666666667
1046,27137,MN,St. Louis County,1.0396475770925109,0.0,0.0,0.0
1049,27145,MN,Stearns County,1.0887573964497042,0.0,0.0,0.0
1052,27163,MN,Washington County,1.1691176470588236,0.0,0.0,0.0
1055,29019,MO,Boone County,1.1364795918367347,0.6666666666666666,0.0,0.0
1058,29021,MO,Buchanan County,1.1130012150668287,0.0,0.0,0.0
1061,29029,MO,Camden County,1.040468583599574,0.0,0.0,0.0
1064,29031,MO,Cape Girardeau County,1.0596491228070175,1.025974025974026,0.0,0.0
1067,29047,MO,Clay County,1.1026282853566958,0.5942028985507246,0.0,0.7285714285714284
1070,29051,MO,Cole County,1.1562115621156213,0.4083333333333334,0.0,0.0
1073,29071,MO,Franklin County,1.0189673340358272,0.0,0.0,0.0
1076,29077,MO,Greene County,1.0794016110471807,0.45454545454545453,0.0,0.6153846153846154
1079,29095,MO,Jackson County,1.0853462157809985,0.961038961038961,0.8421052631578948,0.7173913043478262
1082,29099,MO,Jefferson County,1.0361317747077576,0.0,0.0,0.0
1085,29145,MO,Newton County,1.0683962264150944,0.0,0.0,0.5454545454545454
1088,29161,MO,Phelps County,1.0949152542372882,0.0,0.0,0.0
1091,29183,MO,St. Charles County,1.054335260115607,1.326923076923077,0.0,0.0
1094,29189,MO,St. Louis County,1.116385911179173,0.9798387096774194,0.2608695652173913,0.4666666666666667
1097,29510,MO,St. Louis city,1.1208053691275168,0.955456570155902,0.7142857142857143,0.8809523809523808
1100,28001,MS,Adams County,1.3098591549295775,0.9980988593155894,0.0,0.0
1103,28003,MS,Alcorn County,1.0241837968561065,1.0573770491803278,0.0,0.0
1106,28033,MS,DeSoto County,0.9563812600969305,1.2751677852348995,0.0,0.43137254901960786
1109,28035,MS,Forrest County,1.123022847100176,0.8983957219251337,0.0,0.0
1112,28047,MS,Harrison County,1.161648177496038,0.9094488188976378,0.0,0.0
1115,28049,MS,Hinds County,1.6192468619246863,0.7613168724279836,0.0,0.5625
1118,28059,MS,Jackson County,1.0445103857566764,1.2369668246445498,0.0,0.0
1121,28067,MS,Jones County,0.956386292834891,1.2252559726962458,0.0,0.0
1124,28071,MS,Lafayette County,0.9501424501424502,1.3872340425531917,0.0,0.0
1127,28073,MS,Lamar County,0.7349726775956285,2.0676328502415457,0.0,0.0
1130,28075,MS,Lauderdale County,0.85,1.0456621004566211,0.0,0.0
1133,28081,MS,Lee County,1.0650154798761609,0.9933774834437086,0.0,0.0
1136,28083,MS,Leflore County,1.1851851851851851,0.9865229110512129,0.0,0.0
1139,28085,MS,Lincoln County,1.0059790732436473,1.0199335548172757,0.0,0.0
1142,28087,MS,Lowndes County,1.033203125,1.018018018018018,0.0,0.0
1145,28089,MS,Madison County,1.2431941923774954,0.7763157894736842,0.0,0.0
1148,28095,MS,Monroe County,1.0970149253731343,0.8745874587458746,0.0,0.0
1151,28113,MS,Pike County,1.2593457943925235,0.8584729981378026,0.0,0.0
1154,28121,MS,Rankin County,0.8837209302325582,1.5093457943925235,0.0,0.0
1157,28149,MS,Warren County,0.9017094017094016,1.1697341513292432,0.0,0.0
1160,28151,MS,Washington County,0.5967741935483871,1.1515994436717663,0.0,0.0
1163,30013,MT,Cascade County,0.9045936395759717,0.0,0.0,0.0
1166,30029,MT,Flathead County,0.8995680345572353,0.0,0.0,0.0
1169,30063,MT,Missoula County,1.0224719101123596,0.0,0.0,0.0
1172,30111,MT,Yellowstone County,0.7264260768335273,0.0,0.0,0.9137931034482758
1175,37001,NC,Alamance County,1.057233704292528,1.45273631840796,0.0,0.0
1178,37021,NC,Buncombe County,1.0492788461538463,1.0,0.0,0.5441176470588235
1181,37023,NC,Burke County,1.0788177339901477,0.0,0.0,0.0
1184,37025,NC,Cabarrus County,1.1042654028436019,1.1559139784946237,0.0,0.5945945945945946
1187,37027,NC,Caldwell County,1.0438292964244522,0.0,0.0,0.0
1190,37035,NC,Catawba County,1.137516688918558,1.0705882352941176,0.0,0.297029702970297
1193,37045,NC,Cleveland County,1.0701513067400277,0.975728155339806,0.0,0.0
1196,37049,NC,Craven County,0.9938931297709923,1.5120772946859904,0.0,0.0
1199,37051,NC,Cumberland County,1.0829383886255926,1.1832884097035041,0.0,0.40495867768595045
1202,37057,NC,Davidson County,1.0843828715365238,1.092783505154639,0.0,0.0
1205,37063,NC,Durham County,1.1651162790697676,1.103932584269663,0.0,0.5985401459854014
1208,37065,NC,Edgecombe County,1.4944444444444447,0.7919580419580421,0.0,0.0
1211,37067,NC,Forsyth County,1.2935943060498218,0.7674418604651163,0.0,0.46616541353383456
1214,37071,NC,Gaston County,1.1153305203938115,0.9942196531791907,0.0,0.35526315789473684
1217,37081,NC,Guilford County,1.3016194331983806,0.8023255813953489,0.48076923076923084,0.5595238095238095
1220,37085,NC,Harnett County,1.0165016501650166,1.6153846153846156,0.0,0.0
1223,37089,NC,Henderson County,1.0927710843373495,1.625,0.0,0.0
1226,37097,NC,Iredell County,1.0875331564986737,1.2372881355932204,0.0,0.0
1229,37101,NC,Johnston County,1.1706586826347305,0.8757763975155278,0.0,0.5460992907801419
1232,37107,NC,Lenoir County,1.065439672801636,1.0465686274509804,0.0,0.0
1235,37119,NC,Mecklenburg County,1.2190889370932756,1.0095238095238095,0.43548387096774194,0.6086956521739131
1238,37125,NC,Moore County,0.8272727272727273,2.213675213675214,0.0,0.8028169014084509
1241,37127,NC,Nash County,0.9550102249488753,1.2192118226600985,0.0,0.0
1244,37129,NC,New Hanover County,0.8320413436692506,2.215384615384615,0.0,1.103448275862069
1247,37135,NC,Orange County,0.7107913669064748,2.769911504424779,0.0,1.7906976744186047
1250,37139,NC,Pasquotank County,0.988950276243094,1.2674094707520893,0.0,0.0
1253,37147,NC,Pitt County,0.8259259259259258,1.4131054131054133,0.0,0.7692307692307693
1256,37151,NC,Randolph County,1.0051020408163265,2.596774193548387,0.0,0.0
1259,37155,NC,Robeson County,1.4493927125506072,1.382608695652174,0.0,0.6739130434782609
1262,37157,NC,Rockingham County,1.0097087378640777,1.4086021505376345,0.0,0.0
1265,37159,NC,Rowan County,1.187938288920056,0.7839506172839507,0.0,0.0
1268,37161,NC,Rutherford County,1.028985507246377,1.3125,0.0,0.0
1271,37165,NC,Scotland County,1.0870588235294119,0.6987012987012987,0.0,0.0
1274,37171,NC,Surry County,1.1117788461538463,0.0,0.0,0.0
1277,37179,NC,Union County,0.9184247538677919,1.9322033898305087,0.0,0.7652173913043477
1280,37183,NC,Wake County,1.0184873949579831,1.4899999999999998,0.3026315789473684,0.6634615384615385
1283,37191,NC,Wayne County,0.952561669829222,1.2893890675241158,0.0,0.6774193548387097
1286,37195,NC,Wilson County,1.123931623931624,1.1822784810126583,0.0,0.0
1289,38015,ND,Burleigh County,0.9965986394557823,0.0,0.0,0.0
1292,38017,ND,Cass County,0.9857651245551601,0.0,0.0,0.9642857142857143
1295,38035,ND,Grand Forks County,0.9325301204819277,0.0,0.0,1.5957446808510638
1298,38101,ND,Ward County,1.0817073170731708,0.0,0.0,0.0
1301,31019,NE,Buffalo County,1.0289017341040463,0.0,0.0,1.032258064516129
1304,31055,NE,Douglas County,1.1601164483260553,0.7387387387387387,0.2790697674418605,0.7596899224806202
1307,31079,NE,Hall County,1.2795698924731183,0.0,0.0,0.4482758620689656
1310,31109,NE,Lancaster County,1.1054590570719602,0.8,0.0,0.6621621621621622
1313,31157,NE,Scotts Bluff County,1.1384615384615384,0.0,0.0,0.7385892116182573
1316,33011,NH,Hillsborough County,1.1146953405017923,0.6,0.0,0.4383561643835617
1319,33013,NH,Merrimack County,1.0499457111834962,0.0,0.0,0.0
1322,33015,NH,Rockingham County,1.0401301518438177,0.0,0.0,0.0
1325,34001,NJ,Atlantic County,1.1162790697674418,1.226027397260274,0.6962025316455697,0.7010309278350516
1328,34003,NJ,Bergen County,1.1179673321234118,1.3272727272727272,0.5808383233532934,1.0
1331,34005,NJ,Burlington County,1.0796992481203007,1.1597633136094674,0.6603773584905661,0.5411764705882353
1334,34007,NJ,Camden County,1.1129032258064515,1.106951871657754,0.8135593220338984,0.6647727272727274
1337,34009,NJ,Cape May County,1.0729411764705883,0.0,0.0,0.0
1340,34011,NJ,Cumberland County,1.2555066079295152,1.0160427807486632,0.0,0.7138364779874214
1343,34013,NJ,Essex County,0.9900662251655629,1.1243523316062176,0.8245614035087719,0.8991596638655462
1346,34015,NJ,Gloucester County,0.9961439588688946,1.5480769230769231,0.9333333333333333,0.43283582089552236
1349,34017,NJ,Hudson County,0.7923875432525952,1.205607476635514,0.5875,1.2716627634660422
1352,34019,NJ,Hunterdon County,0.9752066115702479,2.9999999999999996,1.5000000000000002,0.0
1355,34021,NJ,Mercer County,1.103734439834025,1.4717948717948717,0.41025641025641024,0.7065217391304348
1358,34023,NJ,Middlesex County,1.2182254196642686,1.3775510204081634,0.5222672064777328,1.0135746606334841
1361,34025,NJ,Monmouth County,1.0373333333333334,1.3283582089552237,0.7818181818181817,0.7657657657657658
1364,34027,NJ,Morris County,1.0653409090909092,1.7878787878787876,0.4579439252336449,1.0
1367,34029,NJ,Ocean County,1.0462633451957295,0.9677419354838709,0.6842105263157895,0.736842105263158
1370,34031,NJ,Passaic County,0.9727047146401985,1.33,0.8703703703703703,0.9836829836829837
1373,34033,NJ,Salem County,1.0272479564032697,1.4962962962962962,0.0,0.0
1376,34035,NJ,Somerset County,1.291970802919708,1.1157894736842104,0.2956989247311828,0.8289473684210527
1379,34037,NJ,Sussex County,0.9447058823529413,4.181818181818182,0.0,1.0
1382,34039,NJ,Union County,0.9948979591836735,1.2105263157894737,0.7818181818181817,0.948170731707317
1385,34041,NJ,Warren County,1.0833333333333333,0.9607843137254903,0.0,0.607843137254902
1388,35001,NM,Bernalillo County,0.6989528795811518,0.7307692307692308,0.2692307692307693,0.7833001988071571
1391,35005,NM,Chaves County,1.0527704485488127,0.0,0.0,1.005190311418685
1394,35013,NM,Dona Ana County,0.9325842696629213,0.0,0.0,1.0305676855895196
1397,35031,NM,McKinley County,0.5783132530120482,0.0,0.0,0.7464788732394366
1400,35043,NM,Sandoval County,0.5058823529411764,0.0,0.0,0.744360902255639
1403,35045,NM,San Juan County,0.6951871657754011,0.0,0.0,0.31067961165048547
1406,35049,NM,Santa Fe County,0.6473317865429234,0.0,0.0,0.9980353634577603
1409,32003,NV,Clark County,1.1376811594202898,1.0084745762711864,1.2551020408163265,0.8407643312101911
1412,32031,NV,Washoe County,0.9935379644588045,0.8260869565217391,1.4074074074074074,0.9277108433734941
1415,32510,NV,Carson City,1.0966767371601207,0.0,0.0,0.6088709677419355
1418,36001,NY,Albany County,1.1286713286713288,0.9921875,0.5,0.42857142857142855
1421,36005,NY,Bronx County,1.5555555555555558,1.047945205479452,1.0,0.8368794326241135
1424,36007,NY,Broome County,1.1487303506650544,0.5178571428571429,0.0,0.0
1427,36013,NY,Chautauqua County,1.103448275862069,0.0,0.0,0.0
1430,36015,NY,Chemung County,1.1430232558139535,0.0,0.0,0.0
1433,36021,NY,Columbia County,1.0348432055749128,0.0,0.0,0.0
1436,36027,NY,Dutchess County,1.0991501416430596,1.2264150943396228,0.0,0.5968992248062015
1439,36029,NY,Erie County,1.0827770360480642,1.0381679389312977,0.39473684210526316,0.5
1442,36037,NY,Genesee County,1.0421286031042127,0.0,0.0,0.0
1445,36047,NY,Kings County,0.8777173913043479,1.2525252525252526,0.696,1.0105820105820107
1448,36055,NY,Monroe County,1.1141226818830243,0.9589041095890413,0.38888888888888895,0.6195652173913044
1451,36057,NY,Montgomery County,1.1845386533665834,0.0,0.0,0.0
1454,36059,NY,Nassau County,0.9743589743589743,1.6153846153846152,0.6728971962616822,0.9142857142857144
1457,36061,NY,New York County,0.6377118644067796,1.661290322580645,0.808,1.3828125
1460,36063,NY,Niagara County,1.0011778563015312,1.7042253521126762,0.0,0.0
1463,36065,NY,Oneida County,1.0922509225092252,0.7096774193548386,0.7073170731707317,0.5322580645161291
1466,36067,NY,Onondaga County,1.1151832460732984,0.8727272727272728,0.5789473684210527,0.46153846153846156
1469,36069,NY,Ontario County,1.0793296089385473,0.0,0.0,0.0
1472,36071,NY,Orange County,0.9856459330143541,1.3773584905660377,0.6428571428571428,0.9537037037037036
1475,36077,NY,Otsego County,1.0703296703296703,0.0,0.0,0.0
1478,36079,NY,Putnam County,1.1167315175097277,0.0,0.0,0.0
1481,36081,NY,Queens County,1.0564516129032258,1.1675977653631284,0.8150943396226414,0.9857651245551601
1484,36083,NY,Rensselaer County,1.0157384987893463,1.4788732394366197,0.0,0.0
1487,36085,NY,Richmond County,1.085570469798658,1.2127659574468086,0.6168224299065421,0.7473118279569894
1490,36087,NY,Rockland County,0.9393939393939393,1.5982142857142856,0.8524590163934426,0.967391304347826
1493,36091,NY,Saratoga County,1.0943396226415094,0.0,0.0,0.0
1496,36093,NY,Schenectady County,1.1505524861878453,0.7232142857142857,0.0,0.0
1499,36101,NY,Steuben County,1.0556745182012848,0.0,0.0,0.0
1502,36103,NY,Suffolk County,1.0465465465465464,1.2666666666666668,0.6585365853658536,0.8564356435643563
1505,36111,NY,Ulster County,1.118020304568528,0.9833333333333333,0.0,0.5094339622641509
1508,36113,NY,Warren County,1.0514469453376205,0.0,0.0,0.0
1511,36119,NY,Westchester County,1.085551330798479,1.1884057971014492,0.5714285714285714,0.8784313725490196
1514,39003,OH,Allen County,1.096774193548387,0.7213114754098361,0.0,0.0
1517,39007,OH,Ashtabula County,1.0302690582959642,1.7714285714285714,0.0,0.0
1520,39017,OH,Butler County,1.031328320802005,1.4886363636363638,0.6842105263157895,0.37999999999999995
1523,39023,OH,Clark County,1.0393794749403342,1.3908045977011494,0.0,0.0
1526,39025,OH,Clermont County,1.0321888412017166,0.0,0.0,0.0
1529,39029,OH,Columbiana County,1.0405549626467447,0.0,0.0,0.0
1532,39035,OH,Cuyahoga County,1.1996587030716723,0.8720538720538721,0.2727272727272727,0.4444444444444445
1535,39043,OH,Erie County,1.0289156626506024,1.1627906976744187,0.0,0.0
1538,39045,OH,Fairfield County,1.1236749116607774,0.0,0.0,0.0
1541,39049,OH,Franklin County,1.1980676328502415,0.8491379310344828,0.49122807017543857,0.46551724137931033
1544,39055,OH,Geauga County,1.0324947589098532,0.0,0.0,0.0
1547,39057,OH,Greene County,1.0968899521531101,0.7183098591549296,0.0,0.0
1550,39061,OH,Hamilton County,1.2268518518518519,0.7137404580152672,0.31034482758620685,0.22222222222222224
1553,39063,OH,Hancock County,1.0620767494356658,0.0,0.0,0.0
1556,39075,OH,Holmes County,1.0235414534288638,0.0,0.0,0.0
1559,39081,OH,Jefferson County,1.0177580466148723,1.4074074074074074,0.0,0.0
1562,39085,OH,Lake County,1.0331428571428571,1.4666666666666668,0.0,0.0
1565,39089,OH,Licking County,1.0719101123595505,0.0,0.0,0.0
1568,39093,OH,Lorain County,1.0926640926640927,1.0897435897435899,0.0,0.5576923076923077
1571,39095,OH,Lucas County,1.1466275659824046,0.7806122448979591,0.0,0.8108108108108109
1574,39099,OH,Mahoning County,1.1180371352785146,0.9000000000000001,0.0,0.2769230769230769
1577,39101,OH,Marion County,1.0737797956867197,0.0,0.0,0.0
1580,39103,OH,Medina County,1.0395299145299144,0.0,0.0,0.0
1583,39109,OH,Miami County,1.0566448801742918,0.0,0.0,0.0
1586,39113,OH,Montgomery County,1.1379800853485065,0.8443396226415094,0.4347826086956522,0.24242424242424243
1589,39119,OH,Muskingum County,1.0460021905805037,0.0,0.0,0.0
1592,39133,OH,Portage County,1.0582959641255605,0.0,0.0,0.0
1595,39139,OH,Richland County,1.097303634232122,0.5957446808510638,0.0,0.0
1598,39141,OH,Ross County,1.0747767857142856,0.0,0.0,0.0
1601,39145,OH,Scioto County,1.065450643776824,0.0,0.0,0.0
1604,39151,OH,Stark County,1.0823665893271464,0.717948717948718,0.0,0.0
1607,39153,OH,Summit County,1.0772251308900522,1.0337837837837838,0.358974358974359,0.0
1610,39155,OH,Trumbull County,1.043778801843318,0.9285714285714285,0.0,0.0
1613,39157,OH,Tuscarawas County,1.0521831735889244,0.0,0.0,0.0
1616,39165,OH,Warren County,1.075029308323564,1.972222222222222,0.0,0.0
1619,39167,OH,Washington County,1.0284510010537409,0.0,0.0,0.0
1622,39169,OH,Wayne County,1.0545454545454545,0.0,0.0,0.0
1625,39173,OH,Wood County,1.059090909090909,0.0,0.0,0.0
1628,40013,OK,Bryan County,1.0584045584045585,0.0,0.0,0.0
1631,40017,OK,Canadian County,1.0534045393858478,0.0,0.0,0.0
1634,40019,OK,Carter County,1.165706051873199,0.0,0.0,0.0
1637,40021,OK,Cherokee County,0.9745222929936307,0.0,0.0,0.0
1640,40027,OK,Cleveland County,1.111739745403112,0.8076923076923078,0.0,0.6086956521739131
1643,40031,OK,Comanche County,1.2036036036036035,0.9249999999999999,0.0,0.5522388059701492
1646,40047,OK,Garfield County,1.2130681818181819,0.0,0.0,0.0
1649,40071,OK,Kay County,1.074931880108992,0.0,0.0,0.0
1652,40101,OK,Muskogee County,1.2635379061371839,1.1333333333333333,0.0,0.0
1655,40109,OK,Oklahoma County,1.2184115523465704,0.7171052631578948,0.6,0.5810055865921788
1658,40121,OK,Pittsburg County,1.0738060781476122,0.0,0.0,0.0
1661,40123,OK,Pontotoc County,0.6671802773497688,0.0,0.0,0.0
1664,40125,OK,Pottawatomie County,1.075208913649025,0.0,0.0,0.0
1667,40137,OK,Stephens County,1.1320754716981132,0.0,0.0,0.0
1670,40143,OK,Tulsa County,1.171849427168576,0.7281553398058253,0.4285714285714285,0.39849624060150374
1673,40147,OK,Washington County,1.1440443213296398,0.0,0.0,0.0
1676,41005,OR,Clackamas County,1.0642768850432631,0.0,0.9787234042553191,0.7666666666666667
1679,41017,OR,Deschutes County,0.8938869665513265,0.0,0.0,0.0
1682,41029,OR,Jackson County,1.078848560700876,0.0,0.0,0.7686567164179103
1685,41039,OR,Lane County,1.1159062885326756,0.0,0.0,0.0
1688,41047,OR,Marion County,1.2324492979719188,0.0,0.0,0.6074074074074074
1691,41051,OR,Multnomah County,1.0262008733624453,0.9821428571428571,0.9113924050632911,1.142857142857143
1694,41067,OR,Washington County,1.1586314152410575,0.0,0.41228070175438597,0.788235294117647
1697,42001,PA,Adams County,1.1116121758737316,0.0,0.0,0.0
1700,42003,PA,Allegheny County,1.1024327784891164,0.9090909090909091,0.26190476190476186,0.17391304347826086
1703,42007,PA,Beaver County,1.0168350168350169,1.3492063492063493,0.0,0.0
1706,42011,PA,Berks County,1.1337126600284497,1.0697674418604652,0.7142857142857143,0.6517857142857142
1709,42013,PA,Blair County,1.019047619047619,0.0,0.0,0.0
1712,42015,PA,Bradford County,1.038662486938349,0.0,0.0,0.0
1715,42017,PA,Bucks County,1.07202881152461,1.24390243902439,0.46153846153846156,0.543859649122807
1718,42019,PA,Butler County,1.0370762711864407,0.0,0.0,0.0
1721,42021,PA,Cambria County,1.0616216216216217,0.0,0.0,0.0
1724,42025,PA,Carbon County,1.0737073707370737,0.0,0.0,0.0
1727,42027,PA,Centre County,1.1311475409836065,0.0,0.0,0.0
1730,42029,PA,Chester County,1.0660736975857688,1.8421052631578947,0.2459016393442623,0.4342105263157895
1733,42033,PA,Clearfield County,1.0323275862068964,0.0,0.0,0.0
1736,42039,PA,Crawford County,1.0348837209302326,0.0,0.0,0.0
1739,42041,PA,Cumberland County,1.0921985815602837,1.238095238095238,0.0,0.0
1742,42043,PA,Dauphin County,1.158139534883721,0.9310344827586208,0.7692307692307693,0.47474747474747475
1745,42045,PA,Delaware County,1.0198170731707317,1.269406392694064,0.467741935483871,0.5609756097560975
1748,42049,PA,Erie County,1.0821428571428573,0.7534246575342466,0.0,0.4318181818181818
1751,42051,PA,Fayette County,1.0415300546448087,1.0,0.0,0.0
1754,42055,PA,Franklin County,1.0480549199084668,1.2,0.0,0.5573770491803279
1757,42063,PA,Indiana County,1.0522945570971183,0.0,0.0,0.0
1760,42069,PA,Lackawanna County,1.130227001194743,0.0,0.0,0.0
1763,42071,PA,Lancaster County,1.104679802955665,0.7222222222222222,0.7499999999999999,0.4818181818181818
1766,42073,PA,Lawrence County,0.9978165938864629,1.5,0.0,0.0
1769,42075,PA,Lebanon County,1.1703703703703703,0.0,0.0,0.3120567375886525
1772,42077,PA,Lehigh County,1.2896,0.7627118644067796,0.33333333333333337,0.5076335877862596
1775,42079,PA,Luzerne County,1.171500630517024,0.5238095238095237,0.0,0.3333333333333333
1778,42081,PA,Lycoming County,1.0764119601328903,0.0,0.0,0.0
1781,42085,PA,Mercer County,1.0355555555555556,1.0350877192982455,0.0,0.0
1784,42087,PA,Mifflin County,1.0460251046025104,0.0,0.0,0.0
1787,42089,PA,Monroe County,1.1813953488372093,1.043795620437956,0.0,0.48520710059171596
1790,42091,PA,Montgomery County,0.9279999999999999,2.446808510638298,0.4875,0.6111111111111112
1793,42093,PA,Montour County,1.0551267916207276,0.0,0.0,0.0
1796,42095,PA,Northampton County,1.193633952254642,0.6071428571428572,0.0,0.34042553191489366
1799,42097,PA,Northumberland County,1.0752453653217011,0.0,0.0,0.0
1802,42101,PA,Philadelphia County,1.1166180758017492,1.1111111111111112,0.7894736842105263,0.6842105263157895
1805,42107,PA,Schuylkill County,1.0677025527192008,0.0,0.0,0.0
1808,42111,PA,Somerset County,1.0361317747077576,0.0,0.0,0.0
1811,42119,PA,Union County,1.1712247324613556,0.0,0.0,0.0
1814,42125,PA,Washington County,0.984766050054407,2.53125,0.0,0.0
1817,42129,PA,Westmoreland County,1.0427350427350426,0.68,0.0,0.0
1820,42133,PA,York County,1.0750605326876514,1.0689655172413792,0.0,0.5061728395061729
1823,44003,RI,Kent County,1.0800915331807779,0.0,0.0,0.0
1826,44007,RI,Providence County,1.3516666666666668,0.625,0.5454545454545455,0.4309623430962343
1829,44009,RI,Washington County,1.0462555066079295,0.0,0.0,0.0
1832,45003,SC,Aiken County,0.8919330289193302,1.5725806451612905,0.0,0.0
1835,45007,SC,Anderson County,1.0168612191958495,1.16875,0.0,0.625
1838,45013,SC,Beaufort County,0.8859649122807016,2.0174418604651163,0.0,0.0
1841,45015,SC,Berkeley County,0.9731012658227848,1.4000000000000001,0.0,0.0
1844,45019,SC,Charleston County,0.7960122699386503,1.6486486486486485,0.0,0.7169811320754716
1847,45029,SC,Colleton County,0.8409090909090909,1.3415300546448088,0.0,0.0
1850,45031,SC,Darlington County,0.8697247706422018,1.2736077481840196,0.0,0.0
1853,45035,SC,Dorchester County,0.9200626959247649,1.393574297188755,0.0,0.0
1856,45041,SC,Florence County,0.9140625,1.1779859484777517,0.0,0.0
1859,45043,SC,Georgetown County,1.1046153846153846,0.9202657807308972,0.0,0.0
1862,45045,SC,Greenville County,1.085419734904271,1.1910112359550562,0.5,0.3789473684210526
1865,45047,SC,Greenwood County,0.98989898989899,1.2215189873417722,0.0,0.0
1868,45051,SC,Horry County,1.0347938144329898,1.248,0.0,0.5081967213114754
1871,45057,SC,Lancaster County,0.9671428571428573,1.5454545454545456,0.0,0.0
1874,45059,SC,Laurens County,1.0473372781065087,1.1457489878542508,0.0,0.0
1877,45063,SC,Lexington County,1.0242914979757085,1.368421052631579,0.0,0.0
1880,45073,SC,Oconee County,1.1046373365041617,0.0,0.0,0.0
1883,45075,SC,Orangeburg County,1.099099099099099,1.0178861788617886,0.0,0.0
1886,45077,SC,Pickens County,1.0070422535211268,1.5857142857142856,0.0,0.0
1889,45079,SC,Richland County,1.1304347826086958,1.0335429769392035,0.0,0.4528301886792453
1892,45083,SC,Spartanburg County,1.090103397341211,1.0735294117647058,0.0,0.46575342465753433
1895,45085,SC,Sumter County,1.0178970917225951,1.0868644067796611,0.0,0.0
1898,45091,SC,York County,1.0028694404591105,1.3563829787234043,0.0,0.49152542372881364
1901,46013,SD,Brown County,1.041860465116279,0.0,0.0,0.0
1904,46099,SD,Minnehaha County,1.0036630036630036,0.0,0.9523809523809523,0.35294117647058826
1907,46103,SD,Pennington County,0.9510664993726474,0.0,0.0,0.0
1910,47001,TN,Anderson County,1.064189189189189,0.0,0.0,0.0
1913,47009,TN,Blount County,1.0607734806629834,0.0,0.0,0.0
1916,47011,TN,Bradley County,1.1327849588719154,0.0,0.0,0.0
1919,47019,TN,Carter County,1.048728813559322,0.0,0.0,0.0
1922,47035,TN,Cumberland County,1.0286624203821657,0.0,0.0,0.0
1925,47037,TN,Davidson County,1.261101243339254,0.7574626865671642,0.5128205128205129,0.5865384615384616
1928,47043,TN,Dickson County,1.0537513997760357,0.0,0.0,0.0
1931,47063,TN,Hamblen County,1.1225247524752475,0.0,0.0,0.0
1934,47065,TN,Hamilton County,1.1015514809590974,0.9210526315789473,0.0,0.5833333333333334
1937,47089,TN,Jefferson County,1.0686274509803921,0.0,0.0,0.0
1940,47093,TN,Knox County,1.10989010989011,0.6666666666666667,0.0,0.41304347826086957
1943,47113,TN,Madison County,1.2482014388489207,0.7780748663101604,0.0,0.0
1946,47119,TN,Maury County,1.0966921119592874,1.1101694915254239,0.0,0.0
1949,47125,TN,Montgomery County,1.1739130434782608,1.0935960591133005,0.0,0.0
1952,47141,TN,Putnam County,1.098976109215017,0.0,0.0,0.0
1955,47149,TN,Rutherford County,1.1519536903039076,0.879746835443038,0.4857142857142857,0.5402298850574713
1958,47155,TN,Sevier County,1.0559910414333706,0.0,0.0,0.0
1961,47157,TN,Shelby County,1.1019830028328612,1.0595903165735567,0.3214285714285714,0.46969696969696967
1964,47163,TN,Sullivan County,1.045112781954887,0.7727272727272728,0.0,0.0
1967,47165,TN,Sumner County,1.07710843373494,0.8875,0.0,0.0
1970,47179,TN,Washington County,1.0816326530612244,0.0,0.0,0.0
1973,47187,TN,Williamson County,1.027479091995221,1.5813953488372094,0.0,0.9183673469387754
1976,47189,TN,Wilson County,1.0380499405469679,1.4657534246575343,0.0,0.0
1979,48001,TX,Anderson County,1.1786941580756016,0.9857142857142857,0.0,0.5879120879120879
1982,48005,TX,Angelina County,1.0868113522537564,1.08,0.0,0.7973568281938326
1985,48027,TX,Bell County,1.3589164785553047,0.8099547511312217,0.6206896551724137,0.7598425196850394
1988,48029,TX,Bexar County,0.8708487084870847,0.5675675675675677,0.26666666666666666,1.1732673267326732
1991,48037,TX,Bowie County,1.1315372424722663,1.024,0.0,0.32051282051282054
1994,48039,TX,Brazoria County,0.858719646799117,1.9027777777777781,0.3529411764705882,0.9651898734177214
1997,48041,TX,Brazos County,1.041742286751361,1.849056603773585,0.0,0.8206106870229007
2000,48049,TX,Brown County,1.1005665722379605,0.0,0.0,0.7142857142857143
2003,48061,TX,Cameron County,1.0,0.0,0.0,1.011111111111111
2006,48073,TX,Cherokee County,1.165,1.3333333333333333,0.0,0.4495798319327731
2009,48085,TX,Collin County,1.1818181818181817,0.9807692307692307,0.4720496894409938,1.0580645161290323
2012,48091,TX,Comal County,0.8496240601503758,0.0,0.0,1.489285714285714
2015,48113,TX,Dallas County,1.2084805653710249,1.0616740088105727,0.4769230769230769,0.9312039312039313
2018,48121,TX,Denton County,1.234375,0.7428571428571429,0.39999999999999997,0.8622448979591837
2021,48135,TX,Ector County,1.0460526315789473,1.0681818181818183,0.0,1.0048
2024,48139,TX,Ellis County,1.0255102040816326,1.1896551724137931,0.0,0.9479553903345724
2027,48141,TX,El Paso County,0.7499999999999999,0.4193548387096774,0.0,1.0797101449275364
2030,48157,TX,Fort Bend County,1.0501567398119123,0.9901960784313727,0.6844660194174756,1.285140562248996
2033,48167,TX,Galveston County,0.7495590828924162,1.528,0.6060606060606061,1.421259842519685
2036,48181,TX,Grayson County,1.1554959785522787,0.9482758620689655,0.0,0.33098591549295775
2039,48183,TX,Gregg County,1.2140350877192982,1.0544554455445543,0.0,0.4114583333333333
2042,48187,TX,Guadalupe County,0.7825203252032521,0.7848101265822784,0.0,1.4401041666666667
2045,48201,TX,Harris County,1.0627177700348434,0.9095744680851064,0.7887323943661972,1.0640732265446224
2048,48209,TX,Hays County,0.7828571428571428,0.0,0.0,1.3591022443890275
2051,48213,TX,Henderson County,1.1149870801033592,0.0,0.0,0.0
2054,48215,TX,Hidalgo County,1.0,0.0,0.0,1.014054054054054
2057,48221,TX,Hood County,1.1258992805755395,0.0,0.0,0.0
2060,48223,TX,Hopkins County,1.2558459422283357,0.0,0.0,0.0
2063,48231,TX,Hunt County,1.1778093883357041,0.8205128205128205,0.0,0.6136363636363636
2066,48245,TX,Jefferson County,1.5954198473282442,0.770392749244713,0.0,0.497737556561086
2069,48251,TX,Johnson County,1.2320916905444126,0.0,0.0,0.45777777777777773
2072,48277,TX,Lamar County,1.0136054421768708,1.1893939393939394,0.0,0.0
2075,48303,TX,Lubbock County,0.8840304182509505,0.6857142857142856,0.0,1.325068870523416
2078,48309,TX,McLennan County,1.1787003610108302,0.8633093525179855,0.0,0.7888888888888889
2081,48323,TX,Maverick County,0.0,0.0,0.0,1.0452155625657202
2084,48329,TX,Midland County,0.9704545454545455,1.0967741935483872,0.0,1.0934782608695652
2087,48339,TX,Montgomery County,0.8958009331259719,2.2641509433962264,0.5806451612903225,1.1235059760956174
2090,48347,TX,Nacogdoches County,1.133445945945946,1.3011363636363638,0.0,0.45999999999999996
2093,48349,TX,Navarro County,1.1710037174721188,1.7741935483870968,0.0,0.4768683274021352
2096,48355,TX,Nueces County,0.8989547038327527,0.5142857142857142,0.0,1.1118012422360248
2099,48367,TX,Parker County,1.1561743341404358,0.0,0.0,0.0
2102,48375,TX,Potter County,1.4212962962962963,0.48514851485148514,0.5535714285714286,0.764102564102564
2105,48397,TX,Rockwall County,1.0754716981132075,0.8873239436619719,0.0,0.8763440860215054
2108,48423,TX,Smith County,1.1912013536379018,1.0232558139534884,0.0,0.5572139303482587
2111,48439,TX,Tarrant County,1.245575221238938,0.8411764705882352,0.625,0.8639455782312926
2114,48441,TX,Taylor County,1.1661341853035143,0.35135135135135137,0.0,0.956
2117,48451,TX,Tom Green County,0.9713193116634798,0.9444444444444445,0.0,1.1130221130221132
2120,48453,TX,Travis County,0.8299180327868854,1.325,0.25,1.380952380952381
2123,48465,TX,Val Verde County,0.925170068027211,0.0,0.0,1.051094890510949
2126,48469,TX,Victoria County,0.917995444191344,1.2280701754385965,0.0,1.0815899581589958
2129,48479,TX,Webb County,0.4444444444444445,0.0,0.0,1.028301886792453
2132,48485,TX,Wichita County,1.1922480620155038,0.6826923076923077,0.0,0.7525252525252525
2135,48491,TX,Williamson County,1.0758620689655174,1.08955223880597,0.28205128205128205,1.1129032258064517
2138,48497,TX,Wise County,1.0986842105263157,0.0,0.0,0.7939698492462312
2141,49011,UT,Davis County,1.0072639225181599,0.0,0.0,0.6633663366336634
2144,49035,UT,Salt Lake County,0.9450867052023122,0.6111111111111112,1.0,1.0864864864864865
2147,49049,UT,Utah County,0.9876543209876543,0.0,0.0,1.1404958677685952
2150,49053,UT,Washington County,0.9614921780986764,0.0,0.0,0.7222222222222222
2153,49057,UT,Weber County,0.9854111405835544,0.0,0.0,0.9358288770053476
2156,51003,VA,Albemarle County,1.05078125,1.851063829787234,0.0,0.0
2159,51013,VA,Arlington County,0.7520391517128875,2.4395604395604398,1.2685185185185186,1.1025641025641024
2162,51015,VA,Augusta County,0.9767184035476718,2.066666666666667,0.0,0.0
2165,51041,VA,Chesterfield County,1.0610561056105612,1.148936170212766,0.0,0.736842105263158
2168,51059,VA,Fairfax County,1.038,1.0909090909090908,0.7638190954773869,1.303030303030303
2171,51085,VA,Hanover County,0.6510791366906475,4.612903225806452,0.0,0.0
2174,51087,VA,Henrico County,1.1151631477927062,1.132450331125828,0.2777777777777778,0.6333333333333333
2177,51107,VA,Loudoun County,1.2614259597806214,1.24,0.6019900497512437,0.6906474820143884
2180,51121,VA,Montgomery County,1.110179640718563,0.0,0.0,0.0
2183,51153,VA,Prince William County,0.9759036144578315,1.1844660194174759,0.891304347826087,1.0448979591836736
2186,51165,VA,Rockingham County,1.0068337129840548,0.0,0.0,1.0
2189,51191,VA,Washington County,1.0262605042016808,0.0,0.0,0.0
2192,51510,VA,Alexandria city,0.8582375478927203,1.1972477064220184,1.0952380952380953,1.2469879518072289
2195,51540,VA,Charlottesville city,0.8668683812405445,1.3,0.0,2.8275862068965516
2198,51550,VA,Chesapeake city,0.9646643109540638,1.2466216216216217,1.2352941176470589,0.0
2201,51590,VA,Danville city,1.4987893462469735,0.7352941176470588,0.0,0.0
2204,51630,VA,Fredericksburg city,1.1573604060913707,0.763157894736842,0.0,0.8899082568807339
2207,51650,VA,Hampton city,0.8155080213903743,1.30784708249497,0.0,0.0
2210,51680,VA,Lynchburg city,1.2028753993610224,0.8188405797101449,0.0,0.0
2213,51683,VA,Manassas city,1.2582278481012659,0.9926470588235294,0.0,0.8372703412073491
2216,51690,VA,Martinsville city,1.590277777777778,0.6388888888888888,0.0,0.0
2219,51700,VA,Newport News city,1.2203791469194314,1.0488997555012225,0.0,0.0
2222,51710,VA,Norfolk city,0.9027777777777778,1.3308641975308642,1.1081081081081081,0.0
2225,51730,VA,Petersburg city,2.6948051948051948,0.7195767195767196,0.0,0.0
2228,51740,VA,Portsmouth city,1.0808625336927224,1.0562851782363976,0.0,0.0
2231,51760,VA,Richmond city,1.1184834123222749,0.9782135076252723,0.0,0.8767123287671234
2234,51770,VA,Roanoke city,1.4740484429065746,0.3554006968641115,0.0,0.0
2237,51775,VA,Salem city,0.9517078916372204,2.3513513513513513,0.0,0.0
2240,51800,VA,Suffolk city,1.0695296523517384,1.0575539568345325,0.0,0.0
2243,51810,VA,Virginia Beach city,1.0163934426229508,1.2094240837696335,1.0985915492957747,0.6352941176470588
2246,51840,VA,Winchester city,1.3835616438356164,0.0,0.0,0.25136612021857924
2249,50007,VT,Chittenden County,1.087202718006795,0.0,0.0,0.0
2252,53005,WA,Benton County,0.8686868686868687,0.0,0.0,1.4469026548672566
2255,53007,WA,Chelan County,0.9985185185185185,0.0,0.0,1.0177304964539007
2258,53011,WA,Clark County,1.0481770833333335,0.0,0.9583333333333333,0.8118811881188118
2261,53033,WA,King County,1.076388888888889,1.0606060606060606,0.8186528497409327,1.030612244897959
2264,53053,WA,Pierce County,1.0944272445820433,1.014285714285714,1.2238805970149254,0.5
2267,53061,WA,Snohomish County,1.1358936484490398,0.7714285714285714,0.7796610169491526,0.6380952380952382
2270,53063,WA,Spokane County,1.0239520958083832,0.0,0.9565217391304347,0.9180327868852459
2273,53067,WA,Thurston County,1.061307901907357,0.0,0.0,1.0645161290322582
2276,53073,WA,Whatcom County,1.030729833546735,0.0,0.0,0.826530612244898
2279,53077,WA,Yakima County,1.392434988179669,0.0,0.0,0.5828343313373253
2282,55009,WI,Brown County,1.0386052303860522,0.0,0.0,0.8444444444444444
2285,55025,WI,Dane County,1.1199494949494948,0.8679245283018868,0.0,0.6
2288,55027,WI,Dodge County,1.0670391061452513,0.0,0.0,0.0
2291,55035,WI,Eau Claire County,1.0380313199105147,0.0,0.0,0.0
2294,55039,WI,Fond du Lac County,1.050561797752809,0.0,0.0,0.0
2297,55059,WI,Kenosha County,1.0981432360742704,0.9130434782608695,0.0,0.6888888888888889
2300,55063,WI,La Crosse County,1.0212290502793295,0.0,0.0,0.0
2303,55073,WI,Marathon County,1.0487528344671202,0.0,0.5666666666666668,0.0
2306,55079,WI,Milwaukee County,1.1699604743083003,0.9429657794676806,0.7391304347826088,0.7564102564102564
2309,55087,WI,Outagamie County,1.0540229885057473,0.0,0.8611111111111112,0.6739130434782609
2312,55089,WI,Ozaukee County,0.8813186813186813,9.3125,0.0,0.0
2315,55101,WI,Racine County,1.0757363253856944,1.1150442477876106,0.0,0.7426470588235294
2318,55105,WI,Rock County,1.0267314702308628,1.0204081632653061,0.0,0.9010989010989011
2321,55117,WI,Sheboygan County,1.0479041916167666,0.0,0.0,0.8507462686567164
2324,55127,WI,Walworth County,1.1066822977725674,0.0,0.0,0.0
2327,55131,WI,Washington County,1.0648648648648649,0.0,0.0,0.0
2330,55133,WI,Waukesha County,1.0375,2.25,0.4210526315789474,0.673469387755102
2333,55135,WI,Waupaca County,1.0382978723404255,0.0,0.0,0.0
2336,55139,WI,Winnebago County,1.0591581342434586,0.0,0.0,0.0
2339,55141,WI,Wood County,1.0217391304347825,0.0,0.0,0.0
2342,54003,WV,Berkeley County,1.0394736842105263,1.0666666666666667,0.0,0.0
2345,54009,WV,Brooke County,0.9905857740585774,0.0,0.0,0.0
2348,54011,WV,Cabell County,1.0577136514983352,0.7872340425531914,0.0,0.0
2351,54033,WV,Harrison County,1.0362087326943556,0.0,0.0,0.0
2354,54039,WV,Kanawha County,1.0763968072976053,0.6133333333333334,0.0,0.0
2357,54055,WV,Mercer County,1.0575858250276855,0.0,0.0,0.0
2360,54061,WV,Monongalia County,1.1007927519818799,0.0,0.0,0.0
2363,54069,WV,Ohio County,1.0544069640914036,0.0,0.0,0.0
2366,54081,WV,Raleigh County,1.0892448512585813,0.0,0.0,0.0
2369,54107,WV,Wood County,1.0347003154574133,0.0,0.0,0.0
2372,56021,WY,Laramie County,0.9324840764331209,0.0,0.0,1.3758389261744965
2375,56025,WY,Natrona County,0.9106728538283063,0.0,0.0,0.8620689655172414
